chapter_id,bar_id,beat_id,beat_in_chapter,bar_in_chapter,beat_in_bar,bpm,frames_per_beat,frame_index,sample_index,timecode,downbeat,chapter_start
0,0,0,0,0,0,60.0,30,0,0,00:00:00,1,1
0,0,1,1,0,1,60.0,30,30,48000,00:01:00,0,0
0,0,2,2,0,2,60.0,30,60,96000,00:02:00,0,0
0,0,3,3,0,3,60.0,30,90,144000,00:03:00,0,0
0,1,4,4,1,0,60.0,30,120,192000,00:04:00,1,0
0,1,5,5,1,1,60.0,30,150,240000,00:05:00,0,0
0,1,6,6,1,2,60.0,30,180,288000,00:06:00,0,0
0,1,7,7,1,3,60.0,30,210,336000,00:07:00,0,0
0,2,8,8,2,0,60.0,30,240,384000,00:08:00,1,0
0,2,9,9,2,1,60.0,30,270,432000,00:09:00,0,0
0,2,10,10,2,2,60.0,30,300,480000,00:10:00,0,0
0,2,11,11,2,3,60.0,30,330,528000,00:11:00,0,0
0,3,12,12,3,0,60.0,30,360,576000,00:12:00,1,0
0,3,13,13,3,1,60.0,30,390,624000,00:13:00,0,0
0,3,14,14,3,2,60.0,30,420,672000,00:14:00,0,0
0,3,15,15,3,3,60.0,30,450,720000,00:15:00,0,0
1,4,16,0,0,0,72.0,25,480,768000,00:16:00,1,1
1,4,17,1,0,1,72.0,25,505,808000,00:16:25,0,0
1,4,18,2,0,2,72.0,25,530,848000,00:17:20,0,0
1,4,19,3,0,3,72.0,25,555,888000,00:18:15,0,0
1,5,20,4,1,0,72.0,25,580,928000,00:19:10,1,0
1,5,21,5,1,1,72.0,25,605,968000,00:20:05,0,0
1,5,22,6,1,2,72.0,25,630,1008000,00:21:00,0,0
1,5,23,7,1,3,72.0,25,655,1048000,00:21:25,0,0
1,6,24,8,2,0,72.0,25,680,1088000,00:22:20,1,0
1,6,25,9,2,1,72.0,25,705,1128000,00:23:15,0,0
1,6,26,10,2,2,72.0,25,730,1168000,00:24:10,0,0
1,6,27,11,2,3,72.0,25,755,1208000,00:25:05,0,0
1,7,28,12,3,0,72.0,25,780,1248000,00:26:00,1,0
1,7,29,13,3,1,72.0,25,805,1288000,00:26:25,0,0
1,7,30,14,3,2,72.0,25,830,1328000,00:27:20,0,0
1,7,31,15,3,3,72.0,25,855,1368000,00:28:15,0,0
1,8,32,16,4,0,72.0,25,880,1408000,00:29:10,1,0
1,8,33,17,4,1,72.0,25,905,1448000,00:30:05,0,0
1,8,34,18,4,2,72.0,25,930,1488000,00:31:00,0,0
1,8,35,19,4,3,72.0,25,955,1528000,00:31:25,0,0
1,9,36,20,5,0,72.0,25,980,1568000,00:32:20,1,0
1,9,37,21,5,1,72.0,25,1005,1608000,00:33:15,0,0
1,9,38,22,5,2,72.0,25,1030,1648000,00:34:10,0,0
1,9,39,23,5,3,72.0,25,1055,1688000,00:35:05,0,0
2,10,40,0,0,0,90.0,20,1080,1728000,00:36:00,1,1
2,10,41,1,0,1,90.0,20,1100,1760000,00:36:20,0,0
2,10,42,2,0,2,90.0,20,1120,1792000,00:37:10,0,0
2,10,43,3,0,3,90.0,20,1140,1824000,00:38:00,0,0
2,11,44,4,1,0,90.0,20,1160,1856000,00:38:20,1,0
2,11,45,5,1,1,90.0,20,1180,1888000,00:39:10,0,0
2,11,46,6,1,2,90.0,20,1200,1920000,00:40:00,0,0
2,11,47,7,1,3,90.0,20,1220,1952000,00:40:20,0,0
2,12,48,8,2,0,90.0,20,1240,1984000,00:41:10,1,0
2,12,49,9,2,1,90.0,20,1260,2016000,00:42:00,0,0
2,12,50,10,2,2,90.0,20,1280,2048000,00:42:20,0,0
2,12,51,11,2,3,90.0,20,1300,2080000,00:43:10,0,0
2,13,52,12,3,0,90.0,20,1320,2112000,00:44:00,1,0
2,13,53,13,3,1,90.0,20,1340,2144000,00:44:20,0,0
2,13,54,14,3,2,90.0,20,1360,2176000,00:45:10,0,0
2,13,55,15,3,3,90.0,20,1380,2208000,00:46:00,0,0
2,14,56,16,4,0,90.0,20,1400,2240000,00:46:20,1,0
2,14,57,17,4,1,90.0,20,1420,2272000,00:47:10,0,0
2,14,58,18,4,2,90.0,20,1440,2304000,00:48:00,0,0
2,14,59,19,4,3,90.0,20,1460,2336000,00:48:20,0,0
2,15,60,20,5,0,90.0,20,1480,2368000,00:49:10,1,0
2,15,61,21,5,1,90.0,20,1500,2400000,00:50:00,0,0
2,15,62,22,5,2,90.0,20,1520,2432000,00:50:20,0,0
2,15,63,23,5,3,90.0,20,1540,2464000,00:51:10,0,0
2,16,64,24,6,0,90.0,20,1560,2496000,00:52:00,1,0
2,16,65,25,6,1,90.0,20,1580,2528000,00:52:20,0,0
2,16,66,26,6,2,90.0,20,1600,2560000,00:53:10,0,0
2,16,67,27,6,3,90.0,20,1620,2592000,00:54:00,0,0
2,17,68,28,7,0,90.0,20,1640,2624000,00:54:20,1,0
2,17,69,29,7,1,90.0,20,1660,2656000,00:55:10,0,0
2,17,70,30,7,2,90.0,20,1680,2688000,00:56:00,0,0
2,17,71,31,7,3,90.0,20,1700,2720000,00:56:20,0,0
3,18,72,0,0,0,100.0,18,1720,2752000,00:57:10,1,1
3,18,73,1,0,1,100.0,18,1738,2780800,00:57:28,0,0
3,18,74,2,0,2,100.0,18,1756,2809600,00:58:16,0,0
3,18,75,3,0,3,100.0,18,1774,2838400,00:59:04,0,0
3,19,76,4,1,0,100.0,18,1792,2867200,00:59:22,1,0
3,19,77,5,1,1,100.0,18,1810,2896000,01:00:10,0,0
3,19,78,6,1,2,100.0,18,1828,2924800,01:00:28,0,0
3,19,79,7,1,3,100.0,18,1846,2953600,01:01:16,0,0
3,20,80,8,2,0,100.0,18,1864,2982400,01:02:04,1,0
3,20,81,9,2,1,100.0,18,1882,3011200,01:02:22,0,0
3,20,82,10,2,2,100.0,18,1900,3040000,01:03:10,0,0
3,20,83,11,2,3,100.0,18,1918,3068800,01:03:28,0,0
3,21,84,12,3,0,100.0,18,1936,3097600,01:04:16,1,0
3,21,85,13,3,1,100.0,18,1954,3126400,01:05:04,0,0
3,21,86,14,3,2,100.0,18,1972,3155200,01:05:22,0,0
3,21,87,15,3,3,100.0,18,1990,3184000,01:06:10,0,0
3,22,88,16,4,0,100.0,18,2008,3212800,01:06:28,1,0
3,22,89,17,4,1,100.0,18,2026,3241600,01:07:16,0,0
3,22,90,18,4,2,100.0,18,2044,3270400,01:08:04,0,0
3,22,91,19,4,3,100.0,18,2062,3299200,01:08:22,0,0
3,23,92,20,5,0,100.0,18,2080,3328000,01:09:10,1,0
3,23,93,21,5,1,100.0,18,2098,3356800,01:09:28,0,0
3,23,94,22,5,2,100.0,18,2116,3385600,01:10:16,0,0
3,23,95,23,5,3,100.0,18,2134,3414400,01:11:04,0,0
3,24,96,24,6,0,100.0,18,2152,3443200,01:11:22,1,0
3,24,97,25,6,1,100.0,18,2170,3472000,01:12:10,0,0
3,24,98,26,6,2,100.0,18,2188,3500800,01:12:28,0,0
3,24,99,27,6,3,100.0,18,2206,3529600,01:13:16,0,0
3,25,100,28,7,0,100.0,18,2224,3558400,01:14:04,1,0
3,25,101,29,7,1,100.0,18,2242,3587200,01:14:22,0,0
3,25,102,30,7,2,100.0,18,2260,3616000,01:15:10,0,0
3,25,103,31,7,3,100.0,18,2278,3644800,01:15:28,0,0
3,26,104,32,8,0,100.0,18,2296,3673600,01:16:16,1,0
3,26,105,33,8,1,100.0,18,2314,3702400,01:17:04,0,0
3,26,106,34,8,2,100.0,18,2332,3731200,01:17:22,0,0
3,26,107,35,8,3,100.0,18,2350,3760000,01:18:10,0,0
3,27,108,36,9,0,100.0,18,2368,3788800,01:18:28,1,0
3,27,109,37,9,1,100.0,18,2386,3817600,01:19:16,0,0
3,27,110,38,9,2,100.0,18,2404,3846400,01:20:04,0,0
3,27,111,39,9,3,100.0,18,2422,3875200,01:20:22,0,0
4,28,112,0,0,0,112.5,16,2440,3904000,01:21:10,1,1
4,28,113,1,0,1,112.5,16,2456,3929600,01:21:26,0,0
4,28,114,2,0,2,112.5,16,2472,3955200,01:22:12,0,0
4,28,115,3,0,3,112.5,16,2488,3980800,01:22:28,0,0
4,29,116,4,1,0,112.5,16,2504,4006400,01:23:14,1,0
4,29,117,5,1,1,112.5,16,2520,4032000,01:24:00,0,0
4,29,118,6,1,2,112.5,16,2536,4057600,01:24:16,0,0
4,29,119,7,1,3,112.5,16,2552,4083200,01:25:02,0,0
4,30,120,8,2,0,112.5,16,2568,4108800,01:25:18,1,0
4,30,121,9,2,1,112.5,16,2584,4134400,01:26:04,0,0
4,30,122,10,2,2,112.5,16,2600,4160000,01:26:20,0,0
4,30,123,11,2,3,112.5,16,2616,4185600,01:27:06,0,0
4,31,124,12,3,0,112.5,16,2632,4211200,01:27:22,1,0
4,31,125,13,3,1,112.5,16,2648,4236800,01:28:08,0,0
4,31,126,14,3,2,112.5,16,2664,4262400,01:28:24,0,0
4,31,127,15,3,3,112.5,16,2680,4288000,01:29:10,0,0
4,32,128,16,4,0,112.5,16,2696,4313600,01:29:26,1,0
4,32,129,17,4,1,112.5,16,2712,4339200,01:30:12,0,0
4,32,130,18,4,2,112.5,16,2728,4364800,01:30:28,0,0
4,32,131,19,4,3,112.5,16,2744,4390400,01:31:14,0,0
4,33,132,20,5,0,112.5,16,2760,4416000,01:32:00,1,0
4,33,133,21,5,1,112.5,16,2776,4441600,01:32:16,0,0
4,33,134,22,5,2,112.5,16,2792,4467200,01:33:02,0,0
4,33,135,23,5,3,112.5,16,2808,4492800,01:33:18,0,0
4,34,136,24,6,0,112.5,16,2824,4518400,01:34:04,1,0
4,34,137,25,6,1,112.5,16,2840,4544000,01:34:20,0,0
4,34,138,26,6,2,112.5,16,2856,4569600,01:35:06,0,0
4,34,139,27,6,3,112.5,16,2872,4595200,01:35:22,0,0
4,35,140,28,7,0,112.5,16,2888,4620800,01:36:08,1,0
4,35,141,29,7,1,112.5,16,2904,4646400,01:36:24,0,0
4,35,142,30,7,2,112.5,16,2920,4672000,01:37:10,0,0
4,35,143,31,7,3,112.5,16,2936,4697600,01:37:26,0,0
4,36,144,32,8,0,112.5,16,2952,4723200,01:38:12,1,0
4,36,145,33,8,1,112.5,16,2968,4748800,01:38:28,0,0
4,36,146,34,8,2,112.5,16,2984,4774400,01:39:14,0,0
4,36,147,35,8,3,112.5,16,3000,4800000,01:40:00,0,0
4,37,148,36,9,0,112.5,16,3016,4825600,01:40:16,1,0
4,37,149,37,9,1,112.5,16,3032,4851200,01:41:02,0,0
4,37,150,38,9,2,112.5,16,3048,4876800,01:41:18,0,0
4,37,151,39,9,3,112.5,16,3064,4902400,01:42:04,0,0
5,38,152,0,0,0,120.0,15,3080,4928000,01:42:20,1,1
5,38,153,1,0,1,120.0,15,3095,4952000,01:43:05,0,0
5,38,154,2,0,2,120.0,15,3110,4976000,01:43:20,0,0
5,38,155,3,0,3,120.0,15,3125,5000000,01:44:05,0,0
5,39,156,4,1,0,120.0,15,3140,5024000,01:44:20,1,0
5,39,157,5,1,1,120.0,15,3155,5048000,01:45:05,0,0
5,39,158,6,1,2,120.0,15,3170,5072000,01:45:20,0,0
5,39,159,7,1,3,120.0,15,3185,5096000,01:46:05,0,0
5,40,160,8,2,0,120.0,15,3200,5120000,01:46:20,1,0
5,40,161,9,2,1,120.0,15,3215,5144000,01:47:05,0,0
5,40,162,10,2,2,120.0,15,3230,5168000,01:47:20,0,0
5,40,163,11,2,3,120.0,15,3245,5192000,01:48:05,0,0
5,41,164,12,3,0,120.0,15,3260,5216000,01:48:20,1,0
5,41,165,13,3,1,120.0,15,3275,5240000,01:49:05,0,0
5,41,166,14,3,2,120.0,15,3290,5264000,01:49:20,0,0
5,41,167,15,3,3,120.0,15,3305,5288000,01:50:05,0,0
5,42,168,16,4,0,120.0,15,3320,5312000,01:50:20,1,0
5,42,169,17,4,1,120.0,15,3335,5336000,01:51:05,0,0
5,42,170,18,4,2,120.0,15,3350,5360000,01:51:20,0,0
5,42,171,19,4,3,120.0,15,3365,5384000,01:52:05,0,0
5,43,172,20,5,0,120.0,15,3380,5408000,01:52:20,1,0
5,43,173,21,5,1,120.0,15,3395,5432000,01:53:05,0,0
5,43,174,22,5,2,120.0,15,3410,5456000,01:53:20,0,0
5,43,175,23,5,3,120.0,15,3425,5480000,01:54:05,0,0
5,44,176,24,6,0,120.0,15,3440,5504000,01:54:20,1,0
5,44,177,25,6,1,120.0,15,3455,5528000,01:55:05,0,0
5,44,178,26,6,2,120.0,15,3470,5552000,01:55:20,0,0
5,44,179,27,6,3,120.0,15,3485,5576000,01:56:05,0,0
5,45,180,28,7,0,120.0,15,3500,5600000,01:56:20,1,0
5,45,181,29,7,1,120.0,15,3515,5624000,01:57:05,0,0
5,45,182,30,7,2,120.0,15,3530,5648000,01:57:20,0,0
5,45,183,31,7,3,120.0,15,3545,5672000,01:58:05,0,0
5,46,184,32,8,0,120.0,15,3560,5696000,01:58:20,1,0
5,46,185,33,8,1,120.0,15,3575,5720000,01:59:05,0,0
5,46,186,34,8,2,120.0,15,3590,5744000,01:59:20,0,0
5,46,187,35,8,3,120.0,15,3605,5768000,02:00:05,0,0
5,47,188,36,9,0,120.0,15,3620,5792000,02:00:20,1,0
5,47,189,37,9,1,120.0,15,3635,5816000,02:01:05,0,0
5,47,190,38,9,2,120.0,15,3650,5840000,02:01:20,0,0
5,47,191,39,9,3,120.0,15,3665,5864000,02:02:05,0,0
5,48,192,40,10,0,120.0,15,3680,5888000,02:02:20,1,0
5,48,193,41,10,1,120.0,15,3695,5912000,02:03:05,0,0
5,48,194,42,10,2,120.0,15,3710,5936000,02:03:20,0,0
5,48,195,43,10,3,120.0,15,3725,5960000,02:04:05,0,0
5,49,196,44,11,0,120.0,15,3740,5984000,02:04:20,1,0
5,49,197,45,11,1,120.0,15,3755,6008000,02:05:05,0,0
5,49,198,46,11,2,120.0,15,3770,6032000,02:05:20,0,0
5,49,199,47,11,3,120.0,15,3785,6056000,02:06:05,0,0
6,50,200,0,0,0,150.0,12,3800,6080000,02:06:20,1,1
6,50,201,1,0,1,150.0,12,3812,6099200,02:07:02,0,0
6,50,202,2,0,2,150.0,12,3824,6118400,02:07:14,0,0
6,50,203,3,0,3,150.0,12,3836,6137600,02:07:26,0,0
6,51,204,4,1,0,150.0,12,3848,6156800,02:08:08,1,0
6,51,205,5,1,1,150.0,12,3860,6176000,02:08:20,0,0
6,51,206,6,1,2,150.0,12,3872,6195200,02:09:02,0,0
6,51,207,7,1,3,150.0,12,3884,6214400,02:09:14,0,0
6,52,208,8,2,0,150.0,12,3896,6233600,02:09:26,1,0
6,52,209,9,2,1,150.0,12,3908,6252800,02:10:08,0,0
6,52,210,10,2,2,150.0,12,3920,6272000,02:10:20,0,0
6,52,211,11,2,3,150.0,12,3932,6291200,02:11:02,0,0
6,53,212,12,3,0,150.0,12,3944,6310400,02:11:14,1,0
6,53,213,13,3,1,150.0,12,3956,6329600,02:11:26,0,0
6,53,214,14,3,2,150.0,12,3968,6348800,02:12:08,0,0
6,53,215,15,3,3,150.0,12,3980,6368000,02:12:20,0,0
6,54,216,16,4,0,150.0,12,3992,6387200,02:13:02,1,0
6,54,217,17,4,1,150.0,12,4004,6406400,02:13:14,0,0
6,54,218,18,4,2,150.0,12,4016,6425600,02:13:26,0,0
6,54,219,19,4,3,150.0,12,4028,6444800,02:14:08,0,0
6,55,220,20,5,0,150.0,12,4040,6464000,02:14:20,1,0
6,55,221,21,5,1,150.0,12,4052,6483200,02:15:02,0,0
6,55,222,22,5,2,150.0,12,4064,6502400,02:15:14,0,0
6,55,223,23,5,3,150.0,12,4076,6521600,02:15:26,0,0
6,56,224,24,6,0,150.0,12,4088,6540800,02:16:08,1,0
6,56,225,25,6,1,150.0,12,4100,6560000,02:16:20,0,0
6,56,226,26,6,2,150.0,12,4112,6579200,02:17:02,0,0
6,56,227,27,6,3,150.0,12,4124,6598400,02:17:14,0,0
6,57,228,28,7,0,150.0,12,4136,6617600,02:17:26,1,0
6,57,229,29,7,1,150.0,12,4148,6636800,02:18:08,0,0
6,57,230,30,7,2,150.0,12,4160,6656000,02:18:20,0,0
6,57,231,31,7,3,150.0,12,4172,6675200,02:19:02,0,0
6,58,232,32,8,0,150.0,12,4184,6694400,02:19:14,1,0
6,58,233,33,8,1,150.0,12,4196,6713600,02:19:26,0,0
6,58,234,34,8,2,150.0,12,4208,6732800,02:20:08,0,0
6,58,235,35,8,3,150.0,12,4220,6752000,02:20:20,0,0
6,59,236,36,9,0,150.0,12,4232,6771200,02:21:02,1,0
6,59,237,37,9,1,150.0,12,4244,6790400,02:21:14,0,0
6,59,238,38,9,2,150.0,12,4256,6809600,02:21:26,0,0
6,59,239,39,9,3,150.0,12,4268,6828800,02:22:08,0,0
6,60,240,40,10,0,150.0,12,4280,6848000,02:22:20,1,0
6,60,241,41,10,1,150.0,12,4292,6867200,02:23:02,0,0
6,60,242,42,10,2,150.0,12,4304,6886400,02:23:14,0,0
6,60,243,43,10,3,150.0,12,4316,6905600,02:23:26,0,0
6,61,244,44,11,0,150.0,12,4328,6924800,02:24:08,1,0
6,61,245,45,11,1,150.0,12,4340,6944000,02:24:20,0,0
6,61,246,46,11,2,150.0,12,4352,6963200,02:25:02,0,0
6,61,247,47,11,3,150.0,12,4364,6982400,02:25:14,0,0
6,62,248,48,12,0,150.0,12,4376,7001600,02:25:26,1,0
6,62,249,49,12,1,150.0,12,4388,7020800,02:26:08,0,0
6,62,250,50,12,2,150.0,12,4400,7040000,02:26:20,0,0
6,62,251,51,12,3,150.0,12,4412,7059200,02:27:02,0,0
6,63,252,52,13,0,150.0,12,4424,7078400,02:27:14,1,0
6,63,253,53,13,1,150.0,12,4436,7097600,02:27:26,0,0
6,63,254,54,13,2,150.0,12,4448,7116800,02:28:08,0,0
6,63,255,55,13,3,150.0,12,4460,7136000,02:28:20,0,0
6,64,256,56,14,0,150.0,12,4472,7155200,02:29:02,1,0
6,64,257,57,14,1,150.0,12,4484,7174400,02:29:14,0,0
6,64,258,58,14,2,150.0,12,4496,7193600,02:29:26,0,0
6,64,259,59,14,3,150.0,12,4508,7212800,02:30:08,0,0
6,65,260,60,15,0,150.0,12,4520,7232000,02:30:20,1,0
6,65,261,61,15,1,150.0,12,4532,7251200,02:31:02,0,0
6,65,262,62,15,2,150.0,12,4544,7270400,02:31:14,0,0
6,65,263,63,15,3,150.0,12,4556,7289600,02:31:26,0,0
6,66,264,64,16,0,150.0,12,4568,7308800,02:32:08,1,0
6,66,265,65,16,1,150.0,12,4580,7328000,02:32:20,0,0
6,66,266,66,16,2,150.0,12,4592,7347200,02:33:02,0,0
6,66,267,67,16,3,150.0,12,4604,7366400,02:33:14,0,0
6,67,268,68,17,0,150.0,12,4616,7385600,02:33:26,1,0
6,67,269,69,17,1,150.0,12,4628,7404800,02:34:08,0,0
6,67,270,70,17,2,150.0,12,4640,7424000,02:34:20,0,0
6,67,271,71,17,3,150.0,12,4652,7443200,02:35:02,0,0
6,68,272,72,18,0,150.0,12,4664,7462400,02:35:14,1,0
6,68,273,73,18,1,150.0,12,4676,7481600,02:35:26,0,0
6,68,274,74,18,2,150.0,12,4688,7500800,02:36:08,0,0
6,68,275,75,18,3,150.0,12,4700,7520000,02:36:20,0,0
6,69,276,76,19,0,150.0,12,4712,7539200,02:37:02,1,0
6,69,277,77,19,1,150.0,12,4724,7558400,02:37:14,0,0
6,69,278,78,19,2,150.0,12,4736,7577600,02:37:26,0,0
6,69,279,79,19,3,150.0,12,4748,7596800,02:38:08,0,0
7,70,280,0,0,0,150.0,12,4760,7616000,02:38:20,1,1
7,70,281,1,0,1,150.0,12,4772,7635200,02:39:02,0,0
7,70,282,2,0,2,150.0,12,4784,7654400,02:39:14,0,0
7,70,283,3,0,3,150.0,12,4796,7673600,02:39:26,0,0
7,71,284,4,1,0,150.0,12,4808,7692800,02:40:08,1,0
7,71,285,5,1,1,150.0,12,4820,7712000,02:40:20,0,0
7,71,286,6,1,2,150.0,12,4832,7731200,02:41:02,0,0
7,71,287,7,1,3,150.0,12,4844,7750400,02:41:14,0,0
7,72,288,8,2,0,150.0,12,4856,7769600,02:41:26,1,0
7,72,289,9,2,1,150.0,12,4868,7788800,02:42:08,0,0
7,72,290,10,2,2,150.0,12,4880,7808000,02:42:20,0,0
7,72,291,11,2,3,150.0,12,4892,7827200,02:43:02,0,0
7,73,292,12,3,0,150.0,12,4904,7846400,02:43:14,1,0
7,73,293,13,3,1,150.0,12,4916,7865600,02:43:26,0,0
7,73,294,14,3,2,150.0,12,4928,7884800,02:44:08,0,0
7,73,295,15,3,3,150.0,12,4940,7904000,02:44:20,0,0
7,74,296,16,4,0,150.0,12,4952,7923200,02:45:02,1,0
7,74,297,17,4,1,150.0,12,4964,7942400,02:45:14,0,0
7,74,298,18,4,2,150.0,12,4976,7961600,02:45:26,0,0
7,74,299,19,4,3,150.0,12,4988,7980800,02:46:08,0,0
7,75,300,20,5,0,150.0,12,5000,8000000,02:46:20,1,0
7,75,301,21,5,1,150.0,12,5012,8019200,02:47:02,0,0
7,75,302,22,5,2,150.0,12,5024,8038400,02:47:14,0,0
7,75,303,23,5,3,150.0,12,5036,8057600,02:47:26,0,0
7,76,304,24,6,0,150.0,12,5048,8076800,02:48:08,1,0
7,76,305,25,6,1,150.0,12,5060,8096000,02:48:20,0,0
7,76,306,26,6,2,150.0,12,5072,8115200,02:49:02,0,0
7,76,307,27,6,3,150.0,12,5084,8134400,02:49:14,0,0
7,77,308,28,7,0,150.0,12,5096,8153600,02:49:26,1,0
7,77,309,29,7,1,150.0,12,5108,8172800,02:50:08,0,0
7,77,310,30,7,2,150.0,12,5120,8192000,02:50:20,0,0
7,77,311,31,7,3,150.0,12,5132,8211200,02:51:02,0,0
7,78,312,32,8,0,150.0,12,5144,8230400,02:51:14,1,0
7,78,313,33,8,1,150.0,12,5156,8249600,02:51:26,0,0
7,78,314,34,8,2,150.0,12,5168,8268800,02:52:08,0,0
7,78,315,35,8,3,150.0,12,5180,8288000,02:52:20,0,0
7,79,316,36,9,0,150.0,12,5192,8307200,02:53:02,1,0
7,79,317,37,9,1,150.0,12,5204,8326400,02:53:14,0,0
7,79,318,38,9,2,150.0,12,5216,8345600,02:53:26,0,0
7,79,319,39,9,3,150.0,12,5228,8364800,02:54:08,0,0
7,80,320,40,10,0,150.0,12,5240,8384000,02:54:20,1,0
7,80,321,41,10,1,150.0,12,5252,8403200,02:55:02,0,0
7,80,322,42,10,2,150.0,12,5264,8422400,02:55:14,0,0
7,80,323,43,10,3,150.0,12,5276,8441600,02:55:26,0,0
7,81,324,44,11,0,150.0,12,5288,8460800,02:56:08,1,0
7,81,325,45,11,1,150.0,12,5300,8480000,02:56:20,0,0
7,81,326,46,11,2,150.0,12,5312,8499200,02:57:02,0,0
7,81,327,47,11,3,150.0,12,5324,8518400,02:57:14,0,0
7,82,328,48,12,0,150.0,12,5336,8537600,02:57:26,1,0
7,82,329,49,12,1,150.0,12,5348,8556800,02:58:08,0,0
7,82,330,50,12,2,150.0,12,5360,8576000,02:58:20,0,0
7,82,331,51,12,3,150.0,12,5372,8595200,02:59:02,0,0
7,83,332,52,13,0,150.0,12,5384,8614400,02:59:14,1,0
7,83,333,53,13,1,150.0,12,5396,8633600,02:59:26,0,0
7,83,334,54,13,2,150.0,12,5408,8652800,03:00:08,0,0
7,83,335,55,13,3,150.0,12,5420,8672000,03:00:20,0,0
7,84,336,56,14,0,150.0,12,5432,8691200,03:01:02,1,0
7,84,337,57,14,1,150.0,12,5444,8710400,03:01:14,0,0
7,84,338,58,14,2,150.0,12,5456,8729600,03:01:26,0,0
7,84,339,59,14,3,150.0,12,5468,8748800,03:02:08,0,0
