镜头ID,章节ID,章节,起始拍,结束拍,拍数,起始帧,结束帧(排他),起始时间码,结束时间码,关键词,镜头短语,主体草图,动作,旁白,旁白ID,关键动作拍,声音,转场,历史来源ID
S00-1,0,问·序章,0,8,8,0,240,00:00:00,00:08:00,问,路怎么走 · 人怎么组织 · 客户在哪里,一条白线：商路山川 → 工厂流水线 → 现代经营流程,白线从左向右一笔画出，依次折成商路、流水线与流程框；沿线标出四个经营问题,生意最难的，往往不是再努力一点。 而是，在复杂的局势里，看清下一步。,N00a;N00b,q1@2.0;q2@3.75;q3@5.25;q4@6.75,笔触声随书写；远处低鼓；骨笛气息音引出主题,白线汇入一个待选择的节点,
S00-2,0,问·序章,8,12,4,240,360,00:08:00,00:12:00,问,下一步怎么选,分岔节点与三条可能路径,三条虚线路径展开，其中一条被朱红确认,,,choose@10.0,朱红确认时一声轻钟,路径收拢为片名底线,
S00-3,0,问·序章,12,16,4,360,480,00:12:00,00:16:00,问,商业咨询进化史,片名与副标题,片名逐字浮现，第 15 拍一拍停顿，下一章首拍朱印落下,,,title@12.0;rest@15.0,钟声留白；停顿一拍后首次印章冲击,朱印盖下，彩陶几何纹被冲击展开,
S01-1,1,谋·古代谋略,0,8,8,480,680,00:16:00,00:22:20,谋,辨形势,议事席位：两位无面容跪坐剪影、低案、抽象山川局势图（示意）,山川与路线在案前展开，局势图上出现三股方向,古人面对复杂局势，会求教于谋士。,N01a,map@2.0,笛与编钟感金属共鸣；稀疏低鼓,局势图推近为竹简,A4;A5
S01-2,1,谋·古代谋略,8,16,8,680,880,00:22:20,00:29:10,谋,辨形势 · 权利害 · 定进退,竹木简策展开，三枚简上依次写出判断；同一组筹策两种排法,简策展开→三词逐一写出；七根筹策先排成一条路，再重排成另一条路，同样资源导向不同路径,辨形势，权利害，定进退。 这不是今天的商业咨询，却让我们看见一种古老的需要：,N01b;N01c,w1@8.5;w2@9.6;w3@10.7;rods_a@12.0;rods_b@14.0,竹简展开声；筹策落案的木质轻响,筹策滑向画面中央,A2;A3
S01-3,1,谋·古代谋略,16,24,8,880,1080,00:29:10,00:36:00,谋,看清选择,筹策排列转化为商路节点,筹策一根根立起成为节点，节点连成商路，所选路线被朱红确认,帮助决策者，看清选择。,N01d,nodes@18.0;confirm@21.0,筹策落定三声；朱红确认时编钟,商路延伸进入下一章,A3
S02-1,2,商·商贸经营,0,8,8,1080,1240,00:36:00,00:41:10,商,货通四方,商路示意图：货栈、船、车、驿路节点（标注“示意”）,货栈在节点上被画出，船与车沿商路移动，路网向远处伸展,当货物走得更远，经营就不只是买进卖出。,N02a,warehouse@2.0,拨弦主题；木质敲击；车轮与水声极轻,镜头落到五个经营要素,A1
S02-2,2,商·商贸经营,8,16,8,1240,1400,00:41:10,00:46:20,商,识货 · 算账 · 守信,五要素：货、钱、人、信用、信息,五个线描要素依次出现，旁白说到识货、算账、守信时对应要素被朱红点亮，最后彼此连线,要识货，要算账，要守信，,N02b,goods@9.4;money@10.9;trust@12.4;links@14.0,每次点亮一声木鱼式轻击,连线收拢到算盘与账册,
S02-3,2,商·商贸经营,16,24,8,1400,1560,00:46:20,00:52:00,商,消息跑在货物前面,算盘、账册与商路上的两条线：货物线与消息线,算盘珠按拍拨动；消息线（朱红虚线）先于货物抵达下一货栈,还要让消息跑在货物前面。,N02c,bead1@16.0;bead2@17.0;bead3@18.0;bead4@19.0;msg@18.5;arrive@21.0,算盘珠与节拍咬合；翻页声,账册翻开,A1
S02-4,2,商·商贸经营,24,32,8,1560,1720,00:52:00,00:57:10,商,写进账册,账册格线与算盘珠,账册竖格线延展、重排为工厂平面布局；算盘珠变成机械节点,经验，开始被写进账册，传给更多的人。,N02d,grid@26.0;machine@29.0,账页翻动与机械节拍的第一次交接,格线接入工厂,
S03-1,3,管·工业管理,0,8,8,1720,1864,00:57:10,01:02:04,管,协作变复杂,工厂剖面、齿轮组、烟囱（19世纪工业化背景）,工厂结构线逐层画出，齿轮开始按拍转动,企业变大，协作变得更复杂。,N03a,gears@3.0,规整机械节律进入,推近到一条工序路径,
S03-2,3,管·工业管理,8,20,12,1864,2080,01:02:04,01:09:10,管,怎样分 · 怎样排,五个工位、工序卡、计时器、工人剪影,工序卡依次落到工位上；计时器走动；一名工人在工序卡上画出改进（朱红），流程线被重新排顺,工作怎样分，流程怎样排，效率能不能被观察和改进？,N03b,cards@9.0;improve@15.0,计时器滴答；改进时一记短促弦乐拨奏,工序卡叠成一本书,
S03-3,3,管·工业管理,20,28,8,2080,2224,01:09:10,01:14:04,管,1911,一本书的线描（封面为英文原题），时间轴 1911 锚点,书从卡片中合拢成形，封面题字显现，时间轴 1911 点亮,1911年，《科学管理原理》出版。,N03c,book@21.0;anchor@22.0,弦乐奏出主题；时间轴点亮一声钟,书页展开为工序图,H1
S03-4,3,管·工业管理,28,40,12,2224,2440,01:14:04,01:21:10,管,管理知识,工序图 → 组织图 → 顾问工作桌（俯视）,工序节点重排为组织结构树，再收拢为一张工作桌上的资料与笔记,管理知识，开始以更系统的方式被讨论。,N03d,org@31.0;desk@35.0,弦乐层次扩大,桌面资料铺开进入下一章,
S04-1,4,略·现代咨询,0,8,8,2440,2568,01:21:10,01:25:18,略,专业服务,研究资料扇面展开：访谈笔记、表格、图表（抽象，无真实数据）,资料一页页落下并排成扇形，时间轴 1926 点亮,咨询逐渐成为专业服务。 企业不仅问，怎样做得更快，也问，应该做什么，又应该放弃什么。,N04a;N04b,anchor@1.0;docs@2.0,弦乐与克制铜管,资料聚拢到会议桌,H2
S04-2,4,略·现代咨询,8,20,12,2568,2760,01:25:18,01:32:00,略,做什么 · 放弃什么,会议桌俯视，六个席位，桌面选项卡,“怎样做得更快”卡翻为“应该做什么”；五张选项卡中两张被保留，一张被朱红划去（放弃）,,,anchor@8.0;flip@13.0;keep@15.0;drop@17.0,划去时一声低音拨弦；时间轴 1963 点亮,保留的卡片滑入矩阵,H3
S04-3,4,略·现代咨询,20,32,12,2760,2952,01:32:00,01:38:12,略,增长份额矩阵,增长份额矩阵：纵轴市场增长率、横轴相对市场份额（经典画法高份额在左）,坐标轴画出，四象限命名，抽象业务气泡落位；时间轴 1968—1970 点亮,研究、分析与战略工具，帮助经营者组织复杂的选择。,N04c,anchor@20.0;axes@20.0;quads@22.0;bubbles@26.0,每个象限落位一声短音,矩阵连线抽离为线路,H4;H4-M
S04-4,4,略·现代咨询,32,40,8,2952,3080,01:38:12,01:42:20,略,组织选择,战略图连接线,矩阵与组织图的连接线拉直、折成直角，变为电路式线路,,,circuit@34.0,低频脉冲第一次出现,线路接入数字系统,
S05-1,5,联·数字化,0,12,12,3080,3260,01:42:20,01:48:20,联,订单上线,一张纸质订单 → 跨系统数据对象,纸质订单沿线移动，手写栏位逐一转为结构化字段,数字化，让订单、客户和生产，有了新的连接方式。,N05a,move@2.0;digitize@6.0,低频脉冲与短音型,数据对象进入系统网络,
S05-2,5,联·数字化,12,24,12,3260,3440,01:48:20,01:54:20,联,连上 ≠ 变好,客户、订单、库存、生产、交付五个系统与经营看板,系统之间连线接通；看板曲线未随之上扬，一处连接打结,但系统连上了，不代表生意就自动变好。,N05b,connect@13.0;flat@17.0;knot@20.0,连通时的数据触发声；打结时节奏停半拍,打结处放大,
S05-3,5,联·数字化,24,36,12,3440,3620,01:54:20,02:00:20,联,判断 · 执行 · 协同 · 检验,系统之间的空隙与四个责任标签,旁白每问一句，一个责任标签落进对应空隙，空隙仍未闭合,谁来判断，谁来执行，怎样协同，怎样检验，仍然需要一件一件解决。,N05c,r1@25.0;r2@27.0;r3@29.0;r4@31.0,每个标签落下一声轻击,镜头推向其中一个待处理事项,
S05-4,5,联·数字化,36,48,12,3620,3800,02:00:20,02:06:20,联,待处理,一条客户询盘卡在资料查找与报价准备之间,询盘卡片在两个环节之间来回试探后停住，朱红“待处理”标记闪烁,,,stuck@40.0,音乐收束为悬置和弦与计时声,询盘卡片保留到下一章,
S06-1,6,行·AI落地,0,8,8,3800,3896,02:06:20,02:09:26,行,一张策,上一章卡住的询盘；从远处飞来的六枚竹简（呼应第一章的简策）,竹简从左侧飞入，悬停在询盘上方排成一列,到了AI时代，我们希望咨询再向前一步。,N06a,slips@3.0,笛声主题回归；竹简入场的木质声,竹简横向展开,A2
S06-2,6,行·AI落地,8,20,12,3896,4040,02:09:26,02:14:20,行,策 → 流程,六枚竹简变为六个流程节点：收到询盘、补齐需求、报价草稿、人工审批、销售跟进、记录复盘,竹简逐枚翻转为流程卡并连线；审批节点以朱红框标出；标注“流程演示”,不只分析问题，也把建议变成可执行的流程。,N06b,flip0@9.0;flip5@16.5,每翻一枚一声拨弦，六声组成主题,推近到第一、二个节点,
S06-3,6,行·AI落地,20,36,16,4040,4232,02:14:20,02:21:02,行,整理需求,询盘原文、字段抽取表、授权资料来源面板,AI 从询盘中抽出字段：型号、数量、交货地已确认；交期、认证要求标为“待确认”；每个字段连到资料来源,整理需求，形成草稿，,N06c,extract@22.0;pending@27.0;sources@30.0,每抽出一个字段一声数据触发,字段表收拢为报价草稿,
S06-4,6,行·AI落地,36,52,16,4232,4424,02:21:02,02:27:14,行,经人确认,报价草稿、人工审批门、审核人剪影、异常分支,草稿到达审批门；门前列出价格、交期、对外发送三项须人工确认；缺认证资料的一支走异常分支退回补充；审核人盖下朱红确认,经人确认，再进入业务。,N06d,arrive@38.0;exception@42.0;approve@48.0,审批印章与钟声同步,审批门打开，流程继续,
S06-5,6,行·AI落地,52,68,16,4424,4616,02:27:14,02:33:26,行,留下依据,销售跟进、记录面板、复盘回路,批准后的报价流向销售跟进；记录面板逐行写入依据与审批人；回路把反馈带回“补齐需求”,留下依据，持续复盘。 让一次解决，逐渐成为企业自己的能力。,N06e;N06f,follow@53.0;log@56.0;loop@63.0,逐行记录的轻打字声,回路亮起,
S06-6,6,行·AI落地,68,80,12,4616,4760,02:33:26,02:38:20,行,有判断 · 能执行 · 可检验,完整运行的流程线：审批门与异常分支仍然可见,流程线上脉冲依次通过各节点（审批门处停顿）；三组词逐一落下,,,p1@70.0;p2@72.0;p3@74.0;run@68.0,管弦乐完整展开主题；三组词三记重拍,业务线向右延伸到品牌章节,
S07-1,7,成·品牌收束,0,12,12,4760,4904,02:38:20,02:43:14,成,贺去病AI商业咨询,前面出现过的筹策、账册、工序卡、矩阵、数据路径,五个母题从四周收拢，首尾相接成一条经营闭环；品牌名出现,贺去病AI商业咨询。,N07a,converge@2.0;brand@3.0;seal@7.5,半拍感的舒展；印章落下,闭环展开为四个阶段,
S07-2,7,成·品牌收束,12,24,12,4904,5048,02:43:14,02:48:08,成,诊断 → 试点 → 落地 → 复盘,经营闭环上的四个阶段；底部时间轴同步转为同样四段,四个阶段依次点亮，时间轴由历史年代转为工作阶段,从真实经营问题出发，把判断变成行动，把方法留在企业。,N07b,s1@12.5;s2@15.0;s3@18.0;s4@21.0,每点亮一站一声钟,阶段下方展开服务说明,
S07-3,7,成·品牌收束,24,36,12,5048,5192,02:48:08,02:53:02,成,经营诊断｜增长战略｜AI落地｜陪伴复盘,四项服务及其关注的问题,四项服务逐一展开，每项下写出它关心的经营问题,用AI，把生意做大，把利润做实。,N07c,v1@24.5;v2@26.0;v3@27.5;v4@29.0,弦乐长音，打击乐减少,服务收拢到印记,
S07-4,7,成·品牌收束,36,60,24,5192,5480,02:53:02,03:02:20,成,从一个真实经营问题开始,品牌落版：朱红印记、品牌名、主张、行动邀请,印记在第 37 拍落定，品牌名与主张依次出现，第 42 拍后静止可读直至片尾,带着一个具体问题，我们从那里开始。,N07d,seal@37.0;hold@42.0,回到与开场呼应的笛音与钟声,片尾,
